<?xml version="1.0" encoding="UTF-8"?>
<!DOCTYPE hibernate-mapping PUBLIC
  "-//Hibernate/Hibernate Mapping DTD 3.0//EN"
  "http://hibernate.sourceforge.net/hibernate-mapping-3.0.dtd">
<hibernate-mapping  package="spr.dto">
    <class name="Transformer"  table="TransformerTable">
 <id name="tId"/>
 <property name="type"/>
 <property name="model"/>
 <property name="description"/>
 <property name="price"/>
 <property name="efficiency"/>
 <property name="voltage"/>
 <property name="manufactureDate"/>
  <property name="materialUsed"/>
    </class>
</hibernate-mapping>


