<?xml version="1.0" encoding="UTF-8"?>
<beans xmlns="http://www.springframework.org/schema/beans"
       xmlns:xsi="http://www.w3.org/2001/XMLSchema-instance"
       xmlns:context="http://www.springframework.org/schema/context"
       xmlns:p="http://www.springframework.org/schema/p"

       xsi:schemaLocation="http://www.springframework.org/schema/beans http://www.springframework.org/schema/beans/spring-beans-3.0.xsd
          http://www.springframework.org/schema/context http://www.springframework.org/schema/context/spring-context-3.0.xsd
">
    
    <bean id="myDataSource" class="org.apache.commons.dbcp.BasicDataSource">
               <property name="url"   value="jdbc:mysql://localhost:3306/test"/>
               <property name="driverClassName" value="com.mysql.jdbc.Driver"/>
               <property name="username" value="root"/>
               <property name="password"  value="root"/>
    </bean>


    <bean id="sessionFactory" class="org.springframework.orm.hibernate3.LocalSessionFactoryBean">
    <property name="dataSource" ref="myDataSource"/>
    
    <property name="hibernateProperties">
    <props>
        <prop key="hibernate.dialect">org.hibernate.dialect.MySQLDialect</prop>
        <prop key="hibernate.hbm2ddl.auto">update</prop>
        <prop key="hibernate.show_sql">true</prop>
    </props>
    </property>
    
    <property name="mappingResources">
        <list>
                <value>spr/dto/Transformer.hbm.xml</value>
                <value>spr/dto/User.hbm.xml</value>
        </list>
    </property>
    </bean>
    
     <bean id="template1" class="org.springframework.orm.hibernate3.HibernateTemplate">
    <property name="sessionFactory"  ref="sessionFactory"/>
     </bean>
     
     <bean name="technosoft" class="spr.dao.LogicDao">
         <property name="template"   ref="template1"/>
     </bean>
</beans>
